,ImageID_0,ImageID_1,ImageID_2
0,20536686640136348236148679891455886468_k6ga29_left.png,135803415504923515076821959678074435083_fzis7b_left.png,113855343774216031107737439268243531979_3k951l_left.png
1,20536686640136348236148679891455886468_k6ga29_right.png,135803415504923515076821959678074435083_fzis7b_right.png,113855343774216031107737439268243531979_3k951l_right.png
2,152191969602076825998375638267191596461_ck9qkz_left.png,71781238823267640402215377532202403315_pxkotz_left.png,102185472428957491598043403159908631419_zb8kcm_left.png
3,152191969602076825998375638267191596461_ck9qkz_right.png,71781238823267640402215377532202403315_pxkotz_right.png,102185472428957491598043403159908631419_zb8kcm_right.png
4,84289138814897824414670894017743137660_xjsw7k_left.png,183291129093752828537422303909510413177_a2fy2j_left.png,164248849740406851039799839958404888661_etstxt_left.png
5,84289138814897824414670894017743137660_xjsw7k_right.png,183291129093752828537422303909510413177_a2fy2j_right.png,164248849740406851039799839958404888661_etstxt_right.png
6,173348027872651650413607534885352239722_ksfbkb_left.png,125992888035907301147412827114700389399_dkn2qs_left.png,49602503074420747438297888031645729553_n9jt8a_left.png
7,173348027872651650413607534885352239722_ksfbkb_right.png,125992888035907301147412827114700389399_dkn2qs_right.png,49602503074420747438297888031645729553_n9jt8a_right.png
8,105591880985588572332898967525311229749_yqjtuk_left.png,57941606403316582212057234824418628060_6378d5_left.png,49602503074420747438297888031645729553_2_ut0yzd_left.png
9,105591880985588572332898967525311229749_yqjtuk_right.png,57941606403316582212057234824418628060_6378d5_right.png,49602503074420747438297888031645729553_2_ut0yzd_right.png
10,175828040998318011818448557383860207677_m5a8ih_left.png,158127965063113306992304369857531130990_6hpunp_left.png,200091420165336548849526592472869689994_n0exds_left.png
11,175828040998318011818448557383860207677_m5a8ih_right.png,158127965063113306992304369857531130990_6hpunp_right.png,200091420165336548849526592472869689994_n0exds_right.png
12,101408931302974623103956952273007774313_9stb1t_left.png,49696729364097305851463252707521809707_2_utvwaa_left.png,210977798151529988809048465340516359010_9v5gtq_left.png
13,101408931302974623103956952273007774313_9stb1t_right.png,49696729364097305851463252707521809707_2_utvwaa_right.png,210977798151529988809048465340516359010_9v5gtq_right.png
14,121722089111950575741877258740783632351_55kku6_left.png,190661818164302413117064494637559032037_rjylqp_left.png,184312736713962370100146067543973751114_9rz4uo_left.png
15,121722089111950575741877258740783632351_55kku6_right.png,190661818164302413117064494637559032037_rjylqp_right.png,184312736713962370100146067543973751114_9rz4uo_right.png
16,257363608869672643452639640460584331841_2m9azj_left.png,258745183344444620384204230836995493770_mb1aoi_left.png,161720087930788128392552413311709834803_zw9ndh_left.png
17,257363608869672643452639640460584331841_2m9azj_right.png,258745183344444620384204230836995493770_mb1aoi_right.png,161720087930788128392552413311709834803_zw9ndh_right.png
18,153144722300895942937262007594583779219_ohw52d_left.png,108827928923749560275633988818621694543_am2h7c_left.png,285796371492896407898360932351947981404_dbgkg1_left.png
19,153144722300895942937262007594583779219_ohw52d_right.png,108827928923749560275633988818621694543_am2h7c_right.png,285796371492896407898360932351947981404_dbgkg1_right.png
20,42728540250863331876520898382409588161_o4q8sm_left.png,305287599101580419824295916760271499860_w6s7jy_left.png,2131660293658241410166268879399943517_h0uqds_left.png
21,42728540250863331876520898382409588161_o4q8sm_right.png,305287599101580419824295916760271499860_w6s7jy_right.png,2131660293658241410166268879399943517_h0uqds_right.png
22,223805166479327036969696654106527616531_2_t9llp8_left.png,285290386711761684769273546462266756930_bhjypk_left.png,67670115219232152220849057375830836196_8lyy43_left.png
23,223805166479327036969696654106527616531_2_t9llp8_right.png,285290386711761684769273546462266756930_bhjypk_right.png,67670115219232152220849057375830836196_8lyy43_right.png
24,62099871704902880343187697364243424587_5pzx3y_left.png,204894591024837303501717383400712474780_55woga_left.png,249873038001601568166234221238886850574_50gwsz_left.png
25,62099871704902880343187697364243424587_5pzx3y_right.png,204894591024837303501717383400712474780_55woga_right.png,249873038001601568166234221238886850574_50gwsz_right.png
26,65266590064606711020514044534829206992_emiz6y_left.png,308945054823978938447250962134271570306_xq9psg_left.png,284353054075043225622260270287627142906_kduagg_left.png
27,65266590064606711020514044534829206992_emiz6y_right.png,308945054823978938447250962134271570306_xq9psg_right.png,284353054075043225622260270287627142906_kduagg_right.png
28,239027903366999274333251661962927457884_0f0trw_left.png,53139581023247562859961808225101213022_ynbqzr_left.png,200096693886890384233387953667072134120_qr56jh_left.png
29,239027903366999274333251661962927457884_0f0trw_right.png,53139581023247562859961808225101213022_ynbqzr_right.png,200096693886890384233387953667072134120_qr56jh_right.png
30,306704549447961580693205362675398392203_lug40p_left.png,118786461170491574888380527209308294248_2da95g_left.png,27921971887004377429910738007760650923_nxer0u_left.png
31,306704549447961580693205362675398392203_lug40p_right.png,118786461170491574888380527209308294248_2da95g_right.png,27921971887004377429910738007760650923_nxer0u_right.png
32,306704549447961580693205362675398392203_3_qxsdo7_left.png,217957054112931768255394889709366293610_jozdkq_left.png,29061959275698812995362009484658673818_ohnn20_left.png
33,306704549447961580693205362675398392203_3_qxsdo7_right.png,217957054112931768255394889709366293610_jozdkq_right.png,29061959275698812995362009484658673818_ohnn20_right.png
34,130110969611250982875259631791477091714_jxnrnp_left.png,140671920339244213551245905780498073380_n7lo8i_left.png,125879092289461845204346826147336024996_68n2m5_left.png
35,130110969611250982875259631791477091714_jxnrnp_right.png,140671920339244213551245905780498073380_n7lo8i_right.png,125879092289461845204346826147336024996_68n2m5_right.png
36,150762056036635610657089202556643673250_rczqej_left.png,11710138219938786630531603858828866188_sc3fov_left.png,77282619552499988495603169384756737738_khn56v_left.png
37,150762056036635610657089202556643673250_rczqej_right.png,11710138219938786630531603858828866188_sc3fov_right.png,77282619552499988495603169384756737738_khn56v_right.png
38,79355438231207002902084777212886277284_k1cyrv_left.png,24580672341173945907364876190944940012_qzwkrc_left.png,143319468227873148038736847630942919337_uwtqil_left.png
39,79355438231207002902084777212886277284_k1cyrv_right.png,24580672341173945907364876190944940012_qzwkrc_right.png,143319468227873148038736847630942919337_uwtqil_right.png
40,314277032586409115721922718327642931728_vi0hn8_left.png,264846113212169412215947612613098598745_79q170_left.png,170356722453561844949404287167437575608_i6k11a_left.png
41,314277032586409115721922718327642931728_vi0hn8_right.png,264846113212169412215947612613098598745_79q170_right.png,170356722453561844949404287167437575608_i6k11a_right.png
42,61569799595446412488213405581720832033_b84v2f_left.png,4598268884070251488602959428569109445_2_t9bues_left.png,98217780532329340007300292761274285758_ph4ff3_left.png
43,61569799595446412488213405581720832033_b84v2f_right.png,4598268884070251488602959428569109445_2_t9bues_right.png,98217780532329340007300292761274285758_ph4ff3_right.png
44,200862359831761685992552819450233793891_z09t4i_left.png,185949920494711226523493328964722783706_rys1il_left.png,10993639456162887651402799258182104324_n7x6wm_left.png
45,200862359831761685992552819450233793891_z09t4i_right.png,185949920494711226523493328964722783706_rys1il_right.png,10993639456162887651402799258182104324_n7x6wm_right.png
46,159690112140413823244967667566418197322_nrua7y_left.png,255240928456747596741764797149000448668_rl3eb9_left.png,336970287711787775893049319469538003697_iq3qyu_left.png
47,159690112140413823244967667566418197322_nrua7y_right.png,255240928456747596741764797149000448668_rl3eb9_right.png,336970287711787775893049319469538003697_iq3qyu_right.png
48,334589562203518771379665149239316362968_3nh7ym_left.png,199874540248044881650762489493916637413_fh4tx8_left.png,206003043361184054364871563349702064318_qsril0_left.png
49,334589562203518771379665149239316362968_3nh7ym_right.png,199874540248044881650762489493916637413_fh4tx8_right.png,206003043361184054364871563349702064318_qsril0_right.png
50,305453048517584511909927361247180991655_2x71z9_left.png,129276844207601532410240550897751907741_5vj21e_left.png,328054096690428880887485842831782834_amwmet_left.png
51,305453048517584511909927361247180991655_2x71z9_right.png,129276844207601532410240550897751907741_5vj21e_right.png,328054096690428880887485842831782834_amwmet_right.png
52,44536207964452859015038957006687811448_noeqf7_left.png,305201714424567520957637820955601850804_puyz7d_left.png,310603373528845676656153009785603147240_8b9rq6_left.png
53,44536207964452859015038957006687811448_noeqf7_right.png,305201714424567520957637820955601850804_puyz7d_right.png,310603373528845676656153009785603147240_8b9rq6_right.png
54,214260817085057432303623958907855926368_jrl28m_left.png,149989313913266931883319054584852260244_1ui29z_left.png,59110820420582988694423202263124848668_551dz0_left.png
55,214260817085057432303623958907855926368_jrl28m_right.png,149989313913266931883319054584852260244_1ui29z_right.png,59110820420582988694423202263124848668_551dz0_right.png
56,90464809371777154323219683309097631033_g7ks8z_left.png,234411688448382526422421895102615731178_lk2b5d_left.png,17902850845091471158249314700609976691_mon677_left.png
57,90464809371777154323219683309097631033_g7ks8z_right.png,234411688448382526422421895102615731178_lk2b5d_right.png,17902850845091471158249314700609976691_mon677_right.png
58,339511729523635430557303404954216047272_rwrvt6_left.png,280912544203098400557342026688555015556_oh3g9w_left.png,136914834730769531872881628824926393292_xwnvsy_left.png
59,339511729523635430557303404954216047272_rwrvt6_right.png,280912544203098400557342026688555015556_oh3g9w_right.png,136914834730769531872881628824926393292_xwnvsy_right.png
60,255305021945238682284369757239439639240_1gk2z6_left.png,202765940239580846299516552094601014203_y5zbyl_left.png,304673909503207424801802419702123736315_vyckk1_left.png
61,255305021945238682284369757239439639240_1gk2z6_right.png,202765940239580846299516552094601014203_y5zbyl_right.png,304673909503207424801802419702123736315_vyckk1_right.png
62,32078055345180912106051534833637957932_fkcmpo_left.png,96226280473941028697589967927844809733_u855mj_left.png,246312850064830034880733297114561684862_yrq3tb_left.png
63,32078055345180912106051534833637957932_fkcmpo_right.png,96226280473941028697589967927844809733_u855mj_right.png,246312850064830034880733297114561684862_yrq3tb_right.png
64,14747842373519304109072114951815645766_kjxsxw_left.png,208144434911293491304550594983150878245_nvoobp_left.png,107969102081045599195461276881236078981_gnfw2f_left.png
65,14747842373519304109072114951815645766_kjxsxw_right.png,208144434911293491304550594983150878245_nvoobp_right.png,107969102081045599195461276881236078981_gnfw2f_right.png
66,300765837088870057523971311706854661569_55ii9c_left.png,238584241360572097972577680859709132247_89rlen_left.png,163750344543947776171909966951769207897_dgf4vk_left.png
67,300765837088870057523971311706854661569_55ii9c_right.png,238584241360572097972577680859709132247_89rlen_right.png,163750344543947776171909966951769207897_dgf4vk_right.png
68,102102747557522113902850993567166035648_-5a78l_left.png,166316217883505177973775386616240490204_rlh8bx_left.png,220991425902150564296792633654689602163_hrvmt4_left.png
69,102102747557522113902850993567166035648_-5a78l_right.png,166316217883505177973775386616240490204_rlh8bx_right.png,220991425902150564296792633654689602163_hrvmt4_right.png
70,47481551763215566757392610054682744939_3azhzs_left.png,105677701206041076764483125340481663377_5ekr1c_left.png,85622017620251286543763981488010444554_3_gqz9rk_left.png
71,47481551763215566757392610054682744939_3azhzs_right.png,105677701206041076764483125340481663377_5ekr1c_right.png,85622017620251286543763981488010444554_3_gqz9rk_right.png
72,125766228454316130624782540198484575895_9ha77d_left.png,260071036788782548677918649109458120492_exfgw5_left.png,85622017620251286543763981488010444554_2_5wffzh_left.png
73,125766228454316130624782540198484575895_9ha77d_right.png,260071036788782548677918649109458120492_exfgw5_right.png,85622017620251286543763981488010444554_2_5wffzh_right.png
74,233506623954258136177168751019496286188_muxzw8_left.png,203013149382255392270531631693591873809_z5p60f_left.png,13385787508008618294648318566272808201_1juwp6_left.png
75,233506623954258136177168751019496286188_muxzw8_right.png,203013149382255392270531631693591873809_z5p60f_right.png,13385787508008618294648318566272808201_1juwp6_right.png
76,335952795723413338158135725278292632828_iepbz5_left.png,193029763611389595355009856405309825261_r2hbuu_left.png,279074600672607711540467471391389169942_2_1sk9fj_left.png
77,335952795723413338158135725278292632828_iepbz5_right.png,193029763611389595355009856405309825261_r2hbuu_right.png,279074600672607711540467471391389169942_2_1sk9fj_right.png
78,144478523611315461003350014835868422251_2_s8dluj_left.png,50600436363561854449305158311016505149_uo55wh_left.png,196322640341501855952664386745644890611_93tqwd_left.png
79,144478523611315461003350014835868422251_2_s8dluj_right.png,50600436363561854449305158311016505149_uo55wh_right.png,196322640341501855952664386745644890611_93tqwd_right.png
80,302929243006484152942115282128804026168_n68554_left.png,61360855099940650183672486448335512614_ni944u_left.png,3544719968872405938834425873941480994_8sqqxr_left.png
81,302929243006484152942115282128804026168_n68554_right.png,61360855099940650183672486448335512614_ni944u_right.png,3544719968872405938834425873941480994_8sqqxr_right.png
82,89135767289800763526891535832874263112_j11bkl_left.png,218060290139409285209069491214067282949_ce8fct_left.png,108752570745980706741261160610125890734_llek0f_left.png
83,89135767289800763526891535832874263112_j11bkl_right.png,218060290139409285209069491214067282949_ce8fct_right.png,108752570745980706741261160610125890734_llek0f_right.png
84,164997689015514390292649262625407524157_5p3hbr_left.png,218060290139409285209069491214067282949_ce8fcv_left.png,96661872943607744026083454561173736607_l8dyy6_left.png
85,164997689015514390292649262625407524157_5p3hbr_right.png,218060290139409285209069491214067282949_ce8fcv_right.png,96661872943607744026083454561173736607_l8dyy6_right.png
86,200494933217168186622620771086149301425_xwagt4_left.png,151692625987051960068685515933191057418_g6haz5_left.png,172167226340244841253091101374217956877_q2xlp3_left.png
87,200494933217168186622620771086149301425_xwagt4_right.png,151692625987051960068685515933191057418_g6haz5_right.png,172167226340244841253091101374217956877_q2xlp3_right.png
88,217342025624397376056025865389719461061_0s1x0d_left.png,81453728416916316147117866463269508144_pre0s8_left.png,186563312460094822052031413675440312100_lerzuv_left.png
89,217342025624397376056025865389719461061_0s1x0d_right.png,81453728416916316147117866463269508144_pre0s8_right.png,186563312460094822052031413675440312100_lerzuv_right.png
90,339445012265588569253208175476185397432_y7ahfu_left.png,258409615580678372262756099815273954354_e8sr4k_left.png,222462790575669844431021710120156553492-2_ijn00h_left.png
91,339445012265588569253208175476185397432_y7ahfu_right.png,258409615580678372262756099815273954354_e8sr4k_right.png,222462790575669844431021710120156553492-2_ijn00h_right.png
92,146556660707431499811175451504272713520_qcraax_left.png,292948074128069161803943902995378061276_x9b8y3_left.png,321447499100330133165801765887312551684_ruqzip_left.png
93,146556660707431499811175451504272713520_qcraax_right.png,292948074128069161803943902995378061276_x9b8y3_right.png,321447499100330133165801765887312551684_ruqzip_right.png
94,240993418707876858536613826011412977691_g1qsxi_left.png,70093323820603481717247861437025093668_fuc0xl_left.png,126455653911678893263056441159987922516_uz7fwy_left.png
95,240993418707876858536613826011412977691_g1qsxi_right.png,70093323820603481717247861437025093668_fuc0xl_right.png,126455653911678893263056441159987922516_uz7fwy_right.png
96,307522079724846945440235608819884129399_9ev8i5_left.png,126687365257630144944888167632198952195_ovz0ce_left.png,10996416492353037588312781035930080694_8rstz0_left.png
97,307522079724846945440235608819884129399_9ev8i5_right.png,126687365257630144944888167632198952195_ovz0ce_right.png,10996416492353037588312781035930080694_8rstz0_right.png
98,168932592955699627215020703946968924848_n8klve_left.png,139120680153560447008136592319048272693_4rvc0g_left.png,333078556932425505903975417870495109406_19z1qe_left.png
99,168932592955699627215020703946968924848_n8klve_right.png,139120680153560447008136592319048272693_4rvc0g_right.png,333078556932425505903975417870495109406_19z1qe_right.png
100,282677574917629778371314370824906992883_rrlpbc_left.png,106342149569762669075167992267476548004_4y3h75_left.png,133394484691426946362242567726008197704_wgf3qp_left.png
101,282677574917629778371314370824906992883_rrlpbc_right.png,106342149569762669075167992267476548004_4y3h75_right.png,133394484691426946362242567726008197704_wgf3qp_right.png
102,85866326466299232260784932096652895459_w6u4og_left.png,340140377101013040110042808910997041780_f6cvph_left.png,230693533532517331150809255238204060185_uqaza4_left.png
103,85866326466299232260784932096652895459_w6u4og_right.png,340140377101013040110042808910997041780_f6cvph_right.png,230693533532517331150809255238204060185_uqaza4_right.png
104,137065908382975191936458847174667457624_w5fdh6_left.png,41814832511975531555355704785292272560_vgmcyy_left.png,266378675024617307279350330346146584657_-q1fip_left.png
105,137065908382975191936458847174667457624_w5fdh6_right.png,41814832511975531555355704785292272560_vgmcyy_right.png,266378675024617307279350330346146584657_-q1fip_right.png
106,97757850351127158049352373769024485126_yrs6yy_left.png,183077606001843267018347904513734257090_6oxn95_left.png,12578949989510345687257120413252672482_cxopr7_left.png
107,97757850351127158049352373769024485126_yrs6yy_right.png,183077606001843267018347904513734257090_6oxn95_right.png,12578949989510345687257120413252672482_cxopr7_right.png
108,273691557745586453910150897250967449743_gqs9tu_left.png,177962593101340421067131733290475588759_1klur8_left.png,165876678159048265879748862890800010181_rnt2l0_left.png
109,273691557745586453910150897250967449743_gqs9tu_right.png,177962593101340421067131733290475588759_1klur8_right.png,165876678159048265879748862890800010181_rnt2l0_right.png
110,40201558112989661454624575975252234993_ykj0qp_left.png,102094432164422357540593447983140263604_43rus9_left.png,339882268186887380960489338176110498534_mfagno_left.png
111,40201558112989661454624575975252234993_ykj0qp_right.png,102094432164422357540593447983140263604_43rus9_right.png,339882268186887380960489338176110498534_mfagno_right.png
112,116474664207939562416841071400678251083_cx25im_left.png,144928919681319436255357319507315938605_4_niid4h_left.png,298730738863271351224673173113661397809_ydug6n_left.png
113,116474664207939562416841071400678251083_cx25im_right.png,144928919681319436255357319507315938605_4_niid4h_right.png,298730738863271351224673173113661397809_ydug6n_right.png
114,50981020931548218549405502575537953983_pmwq86_left.png,300145910371521760919406217532161090839_5lds96_left.png,229342229247027757104516875968413710664_2_1fiec1_left.png
115,50981020931548218549405502575537953983_pmwq86_right.png,300145910371521760919406217532161090839_5lds96_right.png,229342229247027757104516875968413710664_2_1fiec1_right.png
116,93548931578811793129153723399853386695_1y7fmd_left.png,154749541070085664531535707871416483688_t1k3dp_left.png,315378758073710773002938371108159457223_4i3rwc_left.png
117,93548931578811793129153723399853386695_1y7fmd_right.png,154749541070085664531535707871416483688_t1k3dp_right.png,315378758073710773002938371108159457223_4i3rwc_right.png
118,222214110798734961199747405724033440109_6f1lxy_left.png,34183342360147958448796691629142375360_frw4oe_left.png,241050052022530792552538466791835131251_2dzvr3_left.png
119,222214110798734961199747405724033440109_6f1lxy_right.png,34183342360147958448796691629142375360_frw4oe_right.png,241050052022530792552538466791835131251_2dzvr3_right.png
120,284906344806726594926589844481918422113_qphytt_left.png,285108983949434127143355859651334481656_nc8z8j_left.png,217479956599982321018343198850440101982_gffz8s_left.png
121,284906344806726594926589844481918422113_qphytt_right.png,285108983949434127143355859651334481656_nc8z8j_right.png,217479956599982321018343198850440101982_gffz8s_right.png
122,160704983099138601646527569070310116858_pjaraz_left.png,160722770075437474715493656653248047771_jsc9qj_left.png,42560610279324669242519256937040954261_fon4wd_left.png
123,160704983099138601646527569070310116858_pjaraz_right.png,160722770075437474715493656653248047771_jsc9qj_right.png,42560610279324669242519256937040954261_fon4wd_right.png
124,208704848131242209129044701431521297459_w1jsml_left.png,237942950128157837009692523374744999836_k0y1i5_left.png,159127361586483217046684065044208677781_lwjgop_left.png
125,208704848131242209129044701431521297459_w1jsml_right.png,237942950128157837009692523374744999836_k0y1i5_right.png,159127361586483217046684065044208677781_lwjgop_right.png
126,181216517043989476635675704127527478374_bx4hie_left.png,158398842473582615924744266410579709440_4zytxn_left.png,85468007392878327046561481790452504471_icdvi1_left.png
127,181216517043989476635675704127527478374_bx4hie_right.png,158398842473582615924744266410579709440_4zytxn_right.png,85468007392878327046561481790452504471_icdvi1_right.png
128,55152229711766417076866166348636920517_to9cif_left.png,199260713475889251290093631892255993893-2_acldv0_left.png,130078111827070011380129004166829283630_knm2t5_left.png
129,55152229711766417076866166348636920517_to9cif_right.png,199260713475889251290093631892255993893-2_acldv0_right.png,130078111827070011380129004166829283630_knm2t5_right.png
130,324541514510000234910924791881662822244_xvikm8_left.png,281774107089733953943269572869849503407_jkb0js_left.png,199932188422938481238592789979586445399_5tsy8k_left.png
131,324541514510000234910924791881662822244_xvikm8_right.png,281774107089733953943269572869849503407_jkb0js_right.png,199932188422938481238592789979586445399_5tsy8k_right.png
132,4667147195304075665370004242854528293_mvk62x_left.png,2172087426488735351800906256551338147_n1fez8_left.png,162547643340406320796659021731452627238_ukxkoa_left.png
133,4667147195304075665370004242854528293_mvk62x_right.png,2172087426488735351800906256551338147_n1fez8_right.png,162547643340406320796659021731452627238_ukxkoa_right.png
134,238943208385072402449775947445455366662_oedpdw_left.png,234467148375708089068800661577278808477_-jkjmk_left.png,219180996907548395065546092100141694219_iqxe0y_left.png
135,238943208385072402449775947445455366662_oedpdw_right.png,234467148375708089068800661577278808477_-jkjmk_right.png,219180996907548395065546092100141694219_iqxe0y_right.png
136,133862279184721264984877402155150173332_8avltn_left.png,126086795154525761577629648553140362112_o7mgpe_left.png,245895219126534788779109786698958326807_1a9ait_left.png
137,133862279184721264984877402155150173332_8avltn_right.png,126086795154525761577629648553140362112_o7mgpe_right.png,245895219126534788779109786698958326807_1a9ait_right.png
138,87295593104315907895303866852516883015_1q2e5i_left.png,224943644979844085221615795743234126324_2_i4wv3q_left.png,30730032960553671408628043661008406988_2t8qli_left.png
139,87295593104315907895303866852516883015_1q2e5i_right.png,224943644979844085221615795743234126324_2_i4wv3q_right.png,30730032960553671408628043661008406988_2t8qli_right.png
140,228147380768553292159728012597011580620_8p6by5_left.png,225711501765983413451184697747457728735_zei5zs_left.png,106387312710050943336236742152538193575_ggkrhs_left.png
141,228147380768553292159728012597011580620_8p6by5_right.png,225711501765983413451184697747457728735_zei5zs_right.png,106387312710050943336236742152538193575_ggkrhs_right.png
142,263113714915382025260711536364181224690_443onc_left.png,327618986879934449241800465918875427916_9ol3v5_left.png,183920881710676773247374912702951672715_hbbfou_left.png
143,263113714915382025260711536364181224690_443onc_right.png,327618986879934449241800465918875427916_9ol3v5_right.png,183920881710676773247374912702951672715_hbbfou_right.png
144,267937103716927311565249569255763962603_tkcw98_left.png,4074448061314712676331133237553014924_0e2hq1_left.png,288816819916499810445285019799296820355_3cchnv_left.png
145,267937103716927311565249569255763962603_tkcw98_right.png,4074448061314712676331133237553014924_0e2hq1_right.png,288816819916499810445285019799296820355_3cchnv_right.png
146,164160316423296602887463915446497560917_j5iu40_left.png,259537658279650680058940750112807058822_6ovn69_left.png,278638889128400049771148758737201954629_ly6nb3_left.png
147,164160316423296602887463915446497560917_j5iu40_right.png,259537658279650680058940750112807058822_6ovn69_right.png,278638889128400049771148758737201954629_ly6nb3_right.png
148,123498368294572583918380681397200177769_y9x8gz_left.png,154136051812190478150447663696370565219_4husv7_left.png,46223008737173011532078583749143053828_trhi9u_left.png
149,123498368294572583918380681397200177769_y9x8gz_right.png,154136051812190478150447663696370565219_4husv7_right.png,46223008737173011532078583749143053828_trhi9u_right.png
150,287456232675343225280256963096630959706_ftgxze_left.png,154136051812190478150447663696370565219_2_8yphdz_left.png,303869288667343788676384697489830007247_mo9abk_left.png
151,287456232675343225280256963096630959706_ftgxze_right.png,154136051812190478150447663696370565219_2_8yphdz_right.png,303869288667343788676384697489830007247_mo9abk_right.png
152,226399320863319349082592705046056097972_bbgekn_left.png,82530441705938651053170252599363405812_6fmi3d_left.png,258130016646246208712210251771026326554_ugkp0c_left.png
153,226399320863319349082592705046056097972_bbgekn_right.png,82530441705938651053170252599363405812_6fmi3d_right.png,258130016646246208712210251771026326554_ugkp0c_right.png
154,113078882259200001459142131618912699925_rvuk24_left.png,311781125693503065633395713582484648534_2_7j39ec_left.png,32008210773160492199586986018379212457_2vpxxr_left.png
155,113078882259200001459142131618912699925_rvuk24_right.png,311781125693503065633395713582484648534_2_7j39ec_right.png,32008210773160492199586986018379212457_2vpxxr_right.png
156,260510898953196779123408368656136785813_xrwhqa_left.png,293271047515743305538462659141515963383_iik7q8_left.png,112374692944240212493477453186537801287_duan25_left.png
157,260510898953196779123408368656136785813_xrwhqa_right.png,293271047515743305538462659141515963383_iik7q8_right.png,112374692944240212493477453186537801287_duan25_right.png
158,245125788910798198421802122053106746768_d8jf1z_left.png,10371623398641241653800281496951440213_6n38ch_left.png,164068685878471979373446848440756403913_7xj7ce_left.png
159,245125788910798198421802122053106746768_d8jf1z_right.png,10371623398641241653800281496951440213_6n38ch_right.png,164068685878471979373446848440756403913_7xj7ce_right.png
160,8270056274277815603725343282855604599_esz2nj_left.png,203243631246491535614915446550465492644_3_wn9r6d_left.png,83389623018407910286259264799782314901_43feqw_left.png
161,8270056274277815603725343282855604599_esz2nj_right.png,203243631246491535614915446550465492644_3_wn9r6d_right.png,83389623018407910286259264799782314901_43feqw_right.png
162,201721536063885662773434047433849383457_hi2ih9_left.png,147169098592320374012677576202881643588_c66jag_left.png,225116411180109437818558094591679860878_6s4wnx_left.png
163,201721536063885662773434047433849383457_hi2ih9_right.png,147169098592320374012677576202881643588_c66jag_right.png,225116411180109437818558094591679860878_6s4wnx_right.png
164,78645633090100665307778913278906552208_g3rzvv_left.png,95925549355826894708700095322355418172_qw6unf_left.png,151955334888595404107475916595281378150_rqq81f_left.png
165,78645633090100665307778913278906552208_g3rzvv_right.png,95925549355826894708700095322355418172_qw6unf_right.png,151955334888595404107475916595281378150_rqq81f_right.png
166,115241022223210483124964683795645585434_f1jsyu_left.png,185103609082807172741758831509642702963_w5om81_left.png,44741748257221477571143139791688232522_1zgj8a_left.png
167,115241022223210483124964683795645585434_f1jsyu_right.png,185103609082807172741758831509642702963_w5om81_right.png,44741748257221477571143139791688232522_1zgj8a_right.png
168,7403781185427122576355927731625098374_2_c7t3d7_left.png,262067980536352916889815386792120504225_j7blw4_left.png,149703496919917939906470838873107787291_v2qenf_left.png
169,7403781185427122576355927731625098374_2_c7t3d7_right.png,262067980536352916889815386792120504225_j7blw4_right.png,149703496919917939906470838873107787291_v2qenf_right.png
170,30937137539901308896995467550672157986_0mctsx_left.png,14432459391049608056456007839432133585-2_5zayef_left.png,230633263479496424897477086553084550036_j73qbg_left.png
171,30937137539901308896995467550672157986_0mctsx_right.png,14432459391049608056456007839432133585-2_5zayef_right.png,230633263479496424897477086553084550036_j73qbg_right.png
172,152689236348475668054003869636403774271_ustzsd_left.png,54868881593625712901849464662106046898_5lwkdj_left.png,103728770903857873693723863398462888000_qprc9h_left.png
173,152689236348475668054003869636403774271_ustzsd_right.png,54868881593625712901849464662106046898_5lwkdj_right.png,103728770903857873693723863398462888000_qprc9h_right.png
174,18601360500622289706379792120669945126_moixrj_left.png,17989021260688245284281494417059810881_c2yjsi_left.png,73026139096017652711240600006814807155_0c70b2_left.png
175,18601360500622289706379792120669945126_moixrj_right.png,17989021260688245284281494417059810881_c2yjsi_right.png,73026139096017652711240600006814807155_0c70b2_right.png
176,304427720011518121355227828568994081714_k6chvx_left.png,300179885264878898789096348600566684109_nlqbi8_left.png,322782198313623169393810941267087161242_6g9qer_left.png
177,304427720011518121355227828568994081714_k6chvx_right.png,300179885264878898789096348600566684109_nlqbi8_right.png,322782198313623169393810941267087161242_6g9qer_right.png
178,328320945563753563755593159747231091093_5yzd02_left.png,107342381717037337460440488166132342506_i35khd_left.png,312794383140185593991867467642628370062_5scdd5_left.png
179,328320945563753563755593159747231091093_5yzd02_right.png,107342381717037337460440488166132342506_i35khd_right.png,312794383140185593991867467642628370062_5scdd5_right.png
180,190484369982899446742320942386545507324_ix7wzg_left.png,64387641573695146294700567483618314758_usc896_left.png,14884386265069190975408601181613834993_7pnpc0_left.png
181,190484369982899446742320942386545507324_ix7wzg_right.png,64387641573695146294700567483618314758_usc896_right.png,14884386265069190975408601181613834993_7pnpc0_right.png
182,315641361823864603193087396639083586775_q7f9fv_left.png,128658723533936727313039639253606529615_ubva4c_left.png,101452115716674895724726750589547378043_brve9k_left.png
183,315641361823864603193087396639083586775_q7f9fv_right.png,128658723533936727313039639253606529615_ubva4c_right.png,101452115716674895724726750589547378043_brve9k_right.png
184,319510915366917787894215548090621869058_wydstq_left.png,275854764696581942315736723731987065387_3mtg8i_left.png,11974129026917569589567069429936363722_43ggl5_left.png
185,319510915366917787894215548090621869058_wydstq_right.png,275854764696581942315736723731987065387_3mtg8i_right.png,11974129026917569589567069429936363722_43ggl5_right.png
186,1580614801833545445924521919088753463_g4hv8g_left.png,20403750795055865221646652113136252778_m17uqo_left.png,147036015370488755117195440122198442935_gj6nyv_left.png
187,1580614801833545445924521919088753463_g4hv8g_right.png,20403750795055865221646652113136252778_m17uqo_right.png,147036015370488755117195440122198442935_gj6nyv_right.png
188,281613535115656970834072294097521573097_unikaf_left.png,15245542331670411852959925064782425243_4d1jr7_left.png,319731991949674392121232342841606126370_mis3hq_left.png
189,281613535115656970834072294097521573097_unikaf_right.png,15245542331670411852959925064782425243_4d1jr7_right.png,319731991949674392121232342841606126370_mis3hq_right.png
190,55130810732938431956361752051393125876_8t6gyq_left.png,171227337567101430111423454566376345155_m99vfq_left.png,234342867609378165029209432645962948419_4b8v09_left.png
191,55130810732938431956361752051393125876_8t6gyq_right.png,171227337567101430111423454566376345155_m99vfq_right.png,234342867609378165029209432645962948419_4b8v09_right.png
192,313728840001931054959476505024342557272_hyhb7v_left.png,272877221599756943867088991512899439373_k6zg4c_left.png,235941346659938953302834349629260843448_oc58gw_left.png
193,313728840001931054959476505024342557272_hyhb7v_right.png,272877221599756943867088991512899439373_k6zg4c_right.png,235941346659938953302834349629260843448_oc58gw_right.png
194,209890252063131802095499875481860176531_ymxr6o_left.png,266191022443289446413025845033183571097_sb76ev_left.png,26366102180956854038985766908088700065_8ekpqo_left.png
195,209890252063131802095499875481860176531_ymxr6o_right.png,266191022443289446413025845033183571097_sb76ev_right.png,26366102180956854038985766908088700065_8ekpqo_right.png
196,90651347082851316868509948075763501242_zkttan_left.png,332884822888034210508236281228653746007_cy6aw1_left.png,6926181435968823021039359592620799236_ehtmuh_left.png
197,90651347082851316868509948075763501242_zkttan_right.png,332884822888034210508236281228653746007_cy6aw1_right.png,6926181435968823021039359592620799236_ehtmuh_right.png
198,145926613354687434780321279366269700722_dibidt_left.png,219959187698260291367990825030593152641_d7qav4_left.png,157943178667978315593423977854134065828_w1j177_left.png
199,145926613354687434780321279366269700722_dibidt_right.png,219959187698260291367990825030593152641_d7qav4_right.png,157943178667978315593423977854134065828_w1j177_right.png
200,65129472649567862205552993890474699929_gdm8id_left.png,194788537530780197654387014647599129511_2_57jqsj_left.png,194484754413661724876887797917764741855_lel9c5_left.png
201,65129472649567862205552993890474699929_gdm8id_right.png,194788537530780197654387014647599129511_2_57jqsj_right.png,194484754413661724876887797917764741855_lel9c5_right.png
202,114686050091303667662723520657708873157_98wcug_left.png,217255711041057660771578420196759422433_ragf7w_left.png,316858368375223101634087758266719643406_40w5or_left.png
203,114686050091303667662723520657708873157_98wcug_right.png,217255711041057660771578420196759422433_ragf7w_right.png,316858368375223101634087758266719643406_40w5or_right.png
204,188113916122196904404852495873259575747_1sy5bv_left.png,334588948211354440482133390093521282825_9078q1_left.png,243293595447606375155765731457482543605_7rjogk_left.png
205,188113916122196904404852495873259575747_1sy5bv_right.png,334588948211354440482133390093521282825_9078q1_right.png,243293595447606375155765731457482543605_7rjogk_right.png
206,2634534793646995756080016199272660137_x4rr0p_left.png,18026555325291869871419389702689431852_ljxhdh_left.png,260505833407659436182476461589696465633_b0hrkf_left.png
207,2634534793646995756080016199272660137_x4rr0p_right.png,18026555325291869871419389702689431852_ljxhdh_right.png,260505833407659436182476461589696465633_b0hrkf_right.png
208,50089397883247827451873211350960863980_zrn5gt_left.png,111663441597920323363243636931721135658_jq7gxs_left.png,98145228157634527220567831974984572757_2b4a97_left.png
209,50089397883247827451873211350960863980_zrn5gt_right.png,111663441597920323363243636931721135658_jq7gxs_right.png,98145228157634527220567831974984572757_2b4a97_right.png
210,286255325484547014252536052554621773703_4mxkxy_left.png,66481043483853421133536318598728703257_ondafj_left.png,208601691626838599247558005171435092314_7z0p48_left.png
211,286255325484547014252536052554621773703_4mxkxy_right.png,66481043483853421133536318598728703257_ondafj_right.png,208601691626838599247558005171435092314_7z0p48_right.png
212,299762246267626192067644650381038096831_v4jxar_left.png,180498520315135321275653518474667504508_4a8tbh_left.png,20106597101658419596343083364084801703_snqojr_left.png
213,299762246267626192067644650381038096831_v4jxar_right.png,180498520315135321275653518474667504508_4a8tbh_right.png,20106597101658419596343083364084801703_snqojr_right.png
214,276730315398042884655755727752304824321_m0a00i_left.png,112069513825680474004312935207774925849_oxpe9a_left.png,19510627906768332506184633323045973269_mfzfdy_left.png
215,276730315398042884655755727752304824321_m0a00i_right.png,112069513825680474004312935207774925849_oxpe9a_right.png,19510627906768332506184633323045973269_mfzfdy_right.png
216,234847479921489714443660707689181217615_vzjwnd_left.png,240292768453802113654546470135398828353_cxe7rt_left.png,215743028198422530313520649650242647584_g59ow2_left.png
217,234847479921489714443660707689181217615_vzjwnd_right.png,240292768453802113654546470135398828353_cxe7rt_right.png,215743028198422530313520649650242647584_g59ow2_right.png
218,116340296809596241635781029020996959624_5rmsi1_left.png,257126212639214518887861642700072488618_lz5z0h_left.png,95707395722068271200818957258222229158_fqoqel_left.png
219,116340296809596241635781029020996959624_5rmsi1_right.png,257126212639214518887861642700072488618_lz5z0h_right.png,95707395722068271200818957258222229158_fqoqel_right.png
220,111806242776045675817521296985724989599_ici8cn_left.png,152218190319509346425217028448137264585_fhmvhy_left.png,81649628060774278905150876974336096662_-o2j4e_left.png
221,111806242776045675817521296985724989599_ici8cn_right.png,152218190319509346425217028448137264585_fhmvhy_right.png,81649628060774278905150876974336096662_-o2j4e_right.png
222,280044953632140207008341026894753369572_tgjqya_left.png,110857683249600145282369461783183514657_blvj9d_left.png,289207639690713893134205831505388531009_4lx0s7_left.png
223,280044953632140207008341026894753369572_tgjqya_right.png,110857683249600145282369461783183514657_blvj9d_right.png,289207639690713893134205831505388531009_4lx0s7_right.png
224,163167139553401973344572062956496688516_x6d7so_left.png,157220226943108537050341296079208124494_3_t4bowf_left.png,39011042141974207301116239763936935716_ed8aes_left.png
225,163167139553401973344572062956496688516_x6d7so_right.png,157220226943108537050341296079208124494_3_t4bowf_right.png,39011042141974207301116239763936935716_ed8aes_right.png
226,76246672546393028586224463492033421883_yudit3_left.png,157220226943108537050341296079208124494_2_3th0jp_left.png,204422322492048939194499080859737112307_pjmtqu_left.png
227,76246672546393028586224463492033421883_yudit3_right.png,157220226943108537050341296079208124494_2_3th0jp_right.png,204422322492048939194499080859737112307_pjmtqu_right.png
228,19996742869856831914584401811113743630_fpyt4m_left.png,292476952255143589628826825465781539323_2_fl2fo4_left.png,182261061455367659273054431017807960026_29ygv7_left.png
229,19996742869856831914584401811113743630_fpyt4m_right.png,292476952255143589628826825465781539323_2_fl2fo4_right.png,182261061455367659273054431017807960026_29ygv7_right.png
230,295762085041033501807631987401668133730_f5yjhp_left.png,223330740289682868456731191915979727926_axkh37_left.png,177242461410205305911459438621785113319_wxnhs2_left.png
231,295762085041033501807631987401668133730_f5yjhp_right.png,223330740289682868456731191915979727926_axkh37_right.png,177242461410205305911459438621785113319_wxnhs2_right.png
232,80636666092819281309232196845583157924_k37i8o_left.png,191236382340580492752008432250780203220_daixkm_left.png,115252833781991791197512509423446047187_pnh4fu_left.png
233,80636666092819281309232196845583157924_k37i8o_right.png,191236382340580492752008432250780203220_daixkm_right.png,115252833781991791197512509423446047187_pnh4fu_right.png
234,78421244311429721352325244496333531788_d8wwa3_left.png,261382410954234340725909392365901729060_mw29hx_left.png,241495910721449661714773752906843432485_py3ois_left.png
235,78421244311429721352325244496333531788_d8wwa3_right.png,261382410954234340725909392365901729060_mw29hx_right.png,241495910721449661714773752906843432485_py3ois_right.png
236,115966285353466843678869847196774389925_iocuxb_left.png,177321455323091110251148320861154055610_ke9j42_left.png,195931794629461769975872948426224237073_vi6ky9_left.png
237,115966285353466843678869847196774389925_iocuxb_right.png,177321455323091110251148320861154055610_ke9j42_right.png,195931794629461769975872948426224237073_vi6ky9_right.png
238,232538572936349033119391992225488992653_qlczmp_left.png,168952304088779882761279086644934751344_v1cr7c_left.png,303895593947052911416998205603088228702_2xagfh_left.png
239,232538572936349033119391992225488992653_qlczmp_right.png,168952304088779882761279086644934751344_v1cr7c_right.png,303895593947052911416998205603088228702_2xagfh_right.png
240,126843190386748489564832477074082763625_3x2s0m_left.png,148466008240623662251369041800552984332_g8a6c9_left.png,331174141037189743118244145910185821628_28l9gr_left.png
241,126843190386748489564832477074082763625_3x2s0m_right.png,148466008240623662251369041800552984332_g8a6c9_right.png,331174141037189743118244145910185821628_28l9gr_right.png
242,170430301401778492239969290002586124832_q0prhx_left.png,245364187742234839649402144173625575579_9h7ceg_left.png,149869698076903420965553365056980475515_snqfr3_left.png
243,170430301401778492239969290002586124832_q0prhx_right.png,245364187742234839649402144173625575579_9h7ceg_right.png,149869698076903420965553365056980475515_snqfr3_right.png
244,67456269465673300555624643669263658752_7i7kje_left.png,305522141921924513878338751001879807799_an59tr_left.png,280301216830593385807572486653843026883_-l204c_left.png
245,67456269465673300555624643669263658752_7i7kje_right.png,305522141921924513878338751001879807799_an59tr_right.png,280301216830593385807572486653843026883_-l204c_right.png
246,163990977153422026301903320805632535488_a7p35b_left.png,303264569297997758702898581316031438851_mb7whd_left.png,237247938336704858693445296252078510912_xzedes_left.png
247,163990977153422026301903320805632535488_a7p35b_right.png,303264569297997758702898581316031438851_mb7whd_right.png,237247938336704858693445296252078510912_xzedes_right.png
248,247838920193307905492713009580138541565_8xy906_left.png,225799079681461035880643307217632491292_owo2hb_left.png,13810126644517232204874347938712544002_7pn6rw_left.png
249,247838920193307905492713009580138541565_8xy906_right.png,225799079681461035880643307217632491292_owo2hb_right.png,13810126644517232204874347938712544002_7pn6rw_right.png
250,229831763088897874160999758501066239535_igjc5n_left.png,51408318823320969967868125352932674687_hbw1bj_left.png,85069281774391405586820015499225826700_fqfhrm_left.png
251,229831763088897874160999758501066239535_igjc5n_right.png,51408318823320969967868125352932674687_hbw1bj_right.png,85069281774391405586820015499225826700_fqfhrm_right.png
252,238783516153768977156231365977451890081_saos97_left.png,25031636592233686758918855489749359225_uv4mrw_left.png,279674979769881462370146595951942792604_cnctkx_left.png
253,238783516153768977156231365977451890081_saos97_right.png,25031636592233686758918855489749359225_uv4mrw_right.png,279674979769881462370146595951942792604_cnctkx_right.png
254,1753917273994229888736558394902465555_42owns_left.png,201426510181034377634230226066493679990_2_dpcfe7_left.png,290378014324743690726243451941008521808_ljww84_left.png
255,1753917273994229888736558394902465555_42owns_right.png,201426510181034377634230226066493679990_2_dpcfe7_right.png,290378014324743690726243451941008521808_ljww84_right.png
256,135797253136935646169905958332353538621_tf32nw_left.png,30610638158259856340038283436985036384_rmiuhy_left.png,196975433926003505480576017833694292809_jw6781_left.png
257,135797253136935646169905958332353538621_tf32nw_right.png,30610638158259856340038283436985036384_rmiuhy_right.png,196975433926003505480576017833694292809_jw6781_right.png
258,103693917093872830847809526276065588596_q5hqnk_left.png,32968911764461678176224907383926481707_lxkn39_left.png,67510613616791441499979511172778601506_laoq2p_left.png
259,103693917093872830847809526276065588596_q5hqnk_right.png,32968911764461678176224907383926481707_lxkn39_right.png,67510613616791441499979511172778601506_laoq2p_right.png
260,314996949940517834540686434644398240453_v83vhp_left.png,118322025090144579663112978968133258410_qjvzmz_left.png,231588554475076428605839801753745058684_oynavm_left.png
261,314996949940517834540686434644398240453_v83vhp_right.png,118322025090144579663112978968133258410_qjvzmz_right.png,231588554475076428605839801753745058684_oynavm_right.png
262,325593548875321104087358194668207205673_ag3cpc_left.png,284275186333175795850121892003996913195_2_gzb1aa_left.png,142381879405619782415454034606923350126_s0rasn_left.png
263,325593548875321104087358194668207205673_ag3cpc_right.png,284275186333175795850121892003996913195_2_gzb1aa_right.png,142381879405619782415454034606923350126_s0rasn_right.png
264,106783202923995569721760983693544650484_yz9hzu_left.png,318902694692606635804164371486630008694_wd4q4q_left.png,161664981614751505860813132847572796279_c8vu1x_left.png
265,106783202923995569721760983693544650484_yz9hzu_right.png,318902694692606635804164371486630008694_wd4q4q_right.png,161664981614751505860813132847572796279_c8vu1x_right.png
266,14096134166609969651057165080556005947_tycfyg_left.png,165099042720550783877423387383540073544_cw4fev_left.png,169681039655615156006222682944916404258_n39s7r_left.png
267,14096134166609969651057165080556005947_tycfyg_right.png,165099042720550783877423387383540073544_cw4fev_right.png,169681039655615156006222682944916404258_n39s7r_right.png
268,120633482677551906677235627350935112686_stgiy7_left.png,216129225578233951381307860359180700957_h6bv5u_left.png,233799202783681522784324925395393620180_fm5x8b_left.png
269,120633482677551906677235627350935112686_stgiy7_right.png,216129225578233951381307860359180700957_h6bv5u_right.png,233799202783681522784324925395393620180_fm5x8b_right.png
270,133810455908662857322301056725783437765_awdzfy_left.png,71211038925991448627667208088223557649_2bvyqy_left.png,138375267606355825520453662249077520599_pvpemm_left.png
271,133810455908662857322301056725783437765_awdzfy_right.png,71211038925991448627667208088223557649_2bvyqy_right.png,138375267606355825520453662249077520599_pvpemm_right.png
272,295060270617858212538753812452175427752_9sz58i_left.png,205857506419833727030787000371321657751_d3knyy_left.png,280786246155162722748382722207479452315_od701o_left.png
273,295060270617858212538753812452175427752_9sz58i_right.png,205857506419833727030787000371321657751_d3knyy_right.png,280786246155162722748382722207479452315_od701o_right.png
274,274264632657332311030583859544793753621_2d46dr_left.png,116804782707154011119201617032832332191_3ef49g_left.png,183738202140091190891389171503176288273_d7sq46_left.png
275,274264632657332311030583859544793753621_2d46dr_right.png,116804782707154011119201617032832332191_3ef49g_right.png,183738202140091190891389171503176288273_d7sq46_right.png
276,110519052386194207164409449747965117000_7beyfs_left.png,126323512028735001311837464530405743423_g6hs41_left.png,255840939215845269279883792718043285993_ubsbe9_left.png
277,110519052386194207164409449747965117000_7beyfs_right.png,126323512028735001311837464530405743423_g6hs41_right.png,255840939215845269279883792718043285993_ubsbe9_right.png
278,26794865525174289406855403023963853399_jf1e75_left.png,28229229914187640184706619176459437312_23ahvm_left.png,274462040520563719326151670752255394942_v2vn36_left.png
279,26794865525174289406855403023963853399_jf1e75_right.png,28229229914187640184706619176459437312_23ahvm_right.png,274462040520563719326151670752255394942_v2vn36_right.png
280,15686692976738192701599515985506061492_j95xlw_left.png,309496490824935320079483347976969164614_lwvn9p_left.png,117751533260547221148124617309012759602_wrvl2n_left.png
281,15686692976738192701599515985506061492_j95xlw_right.png,309496490824935320079483347976969164614_lwvn9p_right.png,117751533260547221148124617309012759602_wrvl2n_right.png
282,214826083438705078602975790787452847096_3knshi_left.png,289162230856120025507286295494237224042_4zcg8n_left.png,86169253081844573076453448943570921253_n9r0ih_left.png
283,214826083438705078602975790787452847096_3knshi_right.png,289162230856120025507286295494237224042_4zcg8n_right.png,86169253081844573076453448943570921253_n9r0ih_right.png
284,120881181730809470602920639533692287384_hf6jra_left.png,162176146613864642373965163159604941894_2ro67d_left.png,192314366310084475318557258239725336952_rq3zhz_left.png
285,120881181730809470602920639533692287384_hf6jra_right.png,162176146613864642373965163159604941894_2ro67d_right.png,192314366310084475318557258239725336952_rq3zhz_right.png
286,312258333552108909449988192219789451713_mz3jcv_left.png,208684450524971140998832360169430144714_yq79t1_left.png,31167129422760020834720402206231397119_ewp492_left.png
287,312258333552108909449988192219789451713_mz3jcv_right.png,208684450524971140998832360169430144714_yq79t1_right.png,31167129422760020834720402206231397119_ewp492_right.png
288,115435769877083882302553419156008063641_ea1e3b_left.png,177764964499826820520543764157576111979_dzubcc_left.png,208802631929701180993022603650717899386_61dp5s_left.png
289,115435769877083882302553419156008063641_ea1e3b_right.png,177764964499826820520543764157576111979_dzubcc_right.png,208802631929701180993022603650717899386_61dp5s_right.png
290,54218001614466715422708396856641910668_cikdmf_left.png,55011935014727101881242826108892339156_pjagi7_left.png,16825835762747333164726874831798780102_r8u98n_left.png
291,54218001614466715422708396856641910668_cikdmf_right.png,55011935014727101881242826108892339156_pjagi7_right.png,16825835762747333164726874831798780102_r8u98n_right.png
292,287857034746373808965534733765034494469_airfcz_left.png,143017709468319501772997901482020520995_u3pt37_left.png,189033869521633811791971789157738849510_yfcs6b_left.png
293,287857034746373808965534733765034494469_airfcz_right.png,143017709468319501772997901482020520995_u3pt37_right.png,189033869521633811791971789157738849510_yfcs6b_right.png
294,140371563658388052311790306359349920526_u0azv2_left.png,120681782493734683823287193112258271200_mpr472_left.png,130754088990826661740836776993530332040_6a3ixq_left.png
295,140371563658388052311790306359349920526_u0azv2_right.png,120681782493734683823287193112258271200_mpr472_right.png,130754088990826661740836776993530332040_6a3ixq_right.png
296,103574310820693730468564151594522745265_dbnx1p_left.png,164717344013856197419631959547955318695_2_n9tr06_left.png,186211658546104859697626461579783235872_2utatl_left.png
297,103574310820693730468564151594522745265_dbnx1p_right.png,164717344013856197419631959547955318695_2_n9tr06_right.png,186211658546104859697626461579783235872_2utatl_right.png
298,335716052105158669264471631052865622101_2_d9d6kk_left.png,193941574754168543076279706358840386094_wg73xn_left.png,313449709718187306315515049339906379856_i5qnf5_left.png
299,335716052105158669264471631052865622101_2_d9d6kk_right.png,193941574754168543076279706358840386094_wg73xn_right.png,313449709718187306315515049339906379856_i5qnf5_right.png
300,31957428029954865304650329294719739850_9ekdib_left.png,216065291282238501544145276481144722140_mxzhxx_left.png,125457435219201461092262970690958194079_k19hoy_left.png
301,31957428029954865304650329294719739850_9ekdib_right.png,216065291282238501544145276481144722140_mxzhxx_right.png,125457435219201461092262970690958194079_k19hoy_right.png
302,136166641026343117685418819972556374744_2jbiww_left.png,586149302184826948039320742096016712_2fj7qo_left.png,153101494463713970530658305764516867034_2_fuomi9_left.png
303,136166641026343117685418819972556374744_2jbiww_right.png,586149302184826948039320742096016712_2fj7qo_right.png,153101494463713970530658305764516867034_2_fuomi9_right.png
304,121583465500570295421501218526050926923_amd3cr_left.png,97612028389568065360008472012047350732_38viin_left.png,265788045215725196289679767977018955870_kasrth_left.png
305,121583465500570295421501218526050926923_amd3cr_right.png,97612028389568065360008472012047350732_38viin_right.png,265788045215725196289679767977018955870_kasrth_right.png
306,109155552836142728349220990120495680835_t996ph_left.png,273840478375910845055633185344086954618_2_s1g2ah_left.png,338805929014045825546677938822620051488_ro5lqe_left.png
307,109155552836142728349220990120495680835_t996ph_right.png,273840478375910845055633185344086954618_2_s1g2ah_right.png,338805929014045825546677938822620051488_ro5lqe_right.png
308,290816616782221078148532720129372461343_u9ddoi_left.png,122196852093223381199860141785096687763_gjo3me_left.png,301849712574869489675338495049490202095_r26e01_left.png
309,290816616782221078148532720129372461343_u9ddoi_right.png,122196852093223381199860141785096687763_gjo3me_right.png,301849712574869489675338495049490202095_r26e01_right.png
310,324319357987485948342064713373219301374_4xzq6x_left.png,118417710021077421458295775618157688351_l6ejmt_left.png,44320321973808061715042513349326010731_gyuftk_left.png
311,324319357987485948342064713373219301374_4xzq6x_right.png,118417710021077421458295775618157688351_l6ejmt_right.png,44320321973808061715042513349326010731_gyuftk_right.png
312,131245254841511017957915714330587870207_jlxvk5_left.png,15216276134628369945168431563665847321_yjcay3_left.png,21266572053519627422404491937360784299_5b4juc_left.png
313,131245254841511017957915714330587870207_jlxvk5_right.png,15216276134628369945168431563665847321_yjcay3_right.png,21266572053519627422404491937360784299_5b4juc_right.png
314,159068920744014579732054248805200438850_et4fpq_left.png,52002174471026456210836794495188426859_nz3qr5_left.png,264217090918162303235455598363696569302_dgvl3s_left.png
315,159068920744014579732054248805200438850_et4fpq_right.png,52002174471026456210836794495188426859_nz3qr5_right.png,264217090918162303235455598363696569302_dgvl3s_right.png
316,264850984196768431768478158752438381227_nxtfdb_left.png,8767229493220059838439657095692727289_2_tc5yln_left.png,241440014346385103396286852995516878971_nlp59t_left.png
317,264850984196768431768478158752438381227_nxtfdb_right.png,8767229493220059838439657095692727289_2_tc5yln_right.png,241440014346385103396286852995516878971_nlp59t_right.png
318,42731148699722271773860776581443773397_vz44u7_left.png,115814107749852778142976063780392187515_0sp37c_left.png,241440014346385103396286852995516878971_nlp59v_left.png
319,42731148699722271773860776581443773397_vz44u7_right.png,115814107749852778142976063780392187515_0sp37c_right.png,241440014346385103396286852995516878971_nlp59v_right.png
320,29776696218515980902287908064439351470_de509n_left.png,280404695888344459611142372654925993508_elfiia_left.png,287880795047317818398238224975488207965_dr5wfj_left.png
321,29776696218515980902287908064439351470_de509n_right.png,280404695888344459611142372654925993508_elfiia_right.png,287880795047317818398238224975488207965_dr5wfj_right.png
322,193798766421977262665136124311708141245_tandql_left.png,326625831851554557528686378616219546040_-elqqx_left.png,147550603944794637833520986833698245442_reuqrw_left.png
323,193798766421977262665136124311708141245_tandql_right.png,326625831851554557528686378616219546040_-elqqx_right.png,147550603944794637833520986833698245442_reuqrw_right.png
324,125514454512008724012593768693466003518_qtgfig_left.png,235282615411366983284981090773032912653_aib5jy_left.png,198128767781120980944971538319789797500_g549p0_left.png
325,125514454512008724012593768693466003518_qtgfig_right.png,235282615411366983284981090773032912653_aib5jy_right.png,198128767781120980944971538319789797500_g549p0_right.png
326,6810211655893064695555157316210481137_ljor1h_left.png,259099525557219735264115148468152712554_m5ff9t_left.png,147130162001881270838910566173191885957_e4abbt_left.png
327,6810211655893064695555157316210481137_ljor1h_right.png,259099525557219735264115148468152712554_m5ff9t_right.png,147130162001881270838910566173191885957_e4abbt_right.png
328,249477080920546225827245735202039462722_ck6dja_left.png,133559109434121354704588305773930880868_2_rjlfor_left.png,286477242304514718750486112711955337864_8mnekz_left.png
329,249477080920546225827245735202039462722_ck6dja_right.png,133559109434121354704588305773930880868_2_rjlfor_right.png,286477242304514718750486112711955337864_8mnekz_right.png
330,237198192749976081902285393731543694323_hhnsck_left.png,24523215753644805269501585422658620025_c1zc5s_left.png,232078186596789900482749079261268939828_xrbzkr_left.png
331,237198192749976081902285393731543694323_hhnsck_right.png,24523215753644805269501585422658620025_c1zc5s_right.png,232078186596789900482749079261268939828_xrbzkr_right.png
332,19561653869349573322942924898917482282_iw7yhq_left.png,260935391785106282197984823421192742351_wukw4d_left.png,90958564497896870508582761875817477582_8f8umk_left.png
333,19561653869349573322942924898917482282_iw7yhq_right.png,260935391785106282197984823421192742351_wukw4d_right.png,90958564497896870508582761875817477582_8f8umk_right.png
334,326757620495733366707854856525195179736_2_bb2yiw_left.png,315449091426323426407291980981766090679_5pytql_left.png,95166759715351284246024276245978040214_w5odug_left.png
335,326757620495733366707854856525195179736_2_bb2yiw_right.png,315449091426323426407291980981766090679_5pytql_right.png,95166759715351284246024276245978040214_w5odug_right.png
